[
    {"Pergunta:":"1 Pergunts","ops1": ["1 R","2 R","3 R"]},
    {"Pergunta:":"2 Pergunts","ops1": ["1 R","2 R","3 R"]},
    {"Pergunta:":"3 Pergunts","ops1": ["1 R","2 R","3 R"]},
    {"Pergunta:":"4 Pergunts","ops1": ["1 R","2 R","3 R"]},
    {"Pergunta:":"5 Pergunts","ops1": ["1 R","2 R","3 R"]},
    {"Pergunta:":"6 Pergunts","ops1": ["1 R","2 R","3 R"]},
    {"Pergunta:":"7 Pergunts","ops1": ["1 R","2 R","3 R"]},
    {"Pergunta:":"8 Pergunts","ops1": ["1 R","2 R","3 R"]},
    {"Pergunta:":"9 Pergunts","ops1": ["1 R","2 R","3 R"]},
    {"Pergunta:":"10 Pergunts","ops1": ["1 R","2 R","3 R"]}
]